<?xml version="1.0" encoding="UTF-8"?>
<modification>
	<id><![CDATA[ExcelPort Button]]></id>
	<version><![CDATA[1.0.0]]></version>
	<vqmver><![CDATA[2.2.1]]></vqmver>
	<author><![CDATA[iSenseLabs Team | http://isenselabs.com]]></author>
	<file name="admin/view/template/catalog/product_list.tpl">
		<operation>
			<search position="replace"><![CDATA[<div class="buttons">]]></search>
			<add><![CDATA[<div class="buttons"><a href="index.php?route=module/excelport&token=<?php echo $this->request->get['token']; ?>" class="button">Export / Import</a>]]></add>
		</operation>
	</file>
	<file name="admin/view/template/catalog/category_list.tpl">
		<operation>
			<search position="replace"><![CDATA[<div class="buttons">]]></search>
			<add><![CDATA[<div class="buttons"><a href="index.php?route=module/excelport&token=<?php echo $this->request->get['token']; ?>" class="button">Export / Import</a>]]></add>
		</operation>
	</file>
	<file name="admin/view/template/catalog/option_list.tpl">
		<operation>
			<search position="replace"><![CDATA[<div class="buttons">]]></search>
			<add><![CDATA[<div class="buttons"><a href="index.php?route=module/excelport&token=<?php echo $this->request->get['token']; ?>" class="button">Export / Import</a>]]></add>
		</operation>
	</file>
	<file name="admin/view/template/catalog/attribute_list.tpl">
		<operation>
			<search position="replace"><![CDATA[<div class="buttons">]]></search>
			<add><![CDATA[<div class="buttons"><a href="index.php?route=module/excelport&token=<?php echo $this->request->get['token']; ?>" class="button">Export / Import</a>]]></add>
		</operation>
	</file>
	<file name="admin/view/template/catalog/attribute_group_list.tpl">
		<operation>
			<search position="replace"><![CDATA[<div class="buttons">]]></search>
			<add><![CDATA[<div class="buttons"><a href="index.php?route=module/excelport&token=<?php echo $this->request->get['token']; ?>" class="button">Export / Import</a>]]></add>
		</operation>
	</file>
	<file name="admin/view/template/sale/customer_list.tpl">
		<operation>
			<search position="replace"><![CDATA[<div class="buttons">]]></search>
			<add><![CDATA[<div class="buttons"><a href="index.php?route=module/excelport&token=<?php echo $this->request->get['token']; ?>" class="button">Export / Import</a>]]></add>
		</operation>
	</file>
	<file name="admin/view/template/sale/customer_group_list.tpl">
		<operation>
			<search position="replace"><![CDATA[<div class="buttons">]]></search>
			<add><![CDATA[<div class="buttons"><a href="index.php?route=module/excelport&token=<?php echo $this->request->get['token']; ?>" class="button">Export / Import</a>]]></add>
		</operation>
	</file>
	<file name="admin/view/template/sale/order_list.tpl">
		<operation>
			<search position="replace"><![CDATA[<div class="buttons">]]></search>
			<add><![CDATA[<div class="buttons"><a href="index.php?route=module/excelport&token=<?php echo $this->request->get['token']; ?>" class="button">Export / Import</a>]]></add>
		</operation>
	</file>
	<file name="admin/view/template/common/header.tpl">
		<operation error="skip">
			<search position="replace"><![CDATA[<script type="text/javascript" src="view/javascript/jquery/jquery-1.6.1.min.js"></script>]]></search>
			<add><![CDATA[
			<?php if (VERSION == '1.5.1.3' && $this->request->get['route'] == 'module/excelport') { ?>
			<script type="text/javascript" src="view/javascript/excelport/jquery-1.7.1.min.js"></script>
			<?php } else { ?>
			<script type="text/javascript" src="view/javascript/jquery/jquery-1.6.1.min.js"></script>
			<?php } ?>
			]]></add>
		</operation>
	</file>
</modification>